<elements>
  <namespace ns="">
    <summary>To be added.</summary>
    <remarks>To be added.</remarks>
  </namespace>
  <namespace ns="Symbol.XamarinEMDK.Barcode">
    <summary>To be added.</summary>
    <remarks>To be added.</remarks>
  </namespace>
  <namespace ns="Symbol.XamarinEMDK.ScanAndPair">
    <summary>To be added.</summary>
    <remarks>To be added.</remarks>
  </namespace>
  <namespace ns="Symbol.XamarinEMDK">
    <summary>To be added.</summary>
    <remarks>To be added.</remarks>
  </namespace>
</elements>